,Unnamed: 0,predictions,True,Text,Id
0,0,0,0,and a girl who exposed multiple vegas shooters was killed a couple days later these evil faggots kill everyone üò† so freeing to use that word here üòÑ,13443541_gab
1,1,0,0,i fucking hate this game,1095376480274735105_twitter
2,2,0,0,<user> <user> hahaha dumb bitch blocked me,1146008465581547521_twitter
3,3,0,0,first amendment for me and not for thee our speech is violence and their violence is speech,24752762_gab
4,4,0,0,but paul nehlen criticized jews tho,22456269_gab
5,5,0,0,far right is a term used to describe white people who are willing to stand up and protect our families and our nations from hostile invaders far right family westernvalues freedom tyranny european immigrants invaders,9727340_gab
6,6,0,1,jews will holocaust one of their own if its good for the jews bye bye jew tommy,27478936_gab
7,7,0,0,<user> i went to a minor league ball game yesterday in a majority black city truly baseball is honky ball white families with kids as far as the eye could see it was packed,10068208_gab
8,8,1,0,tolerable slavs spanish italians greek hapas japanese maybe koreans chinese enemies blacks arabs south central americans mezistos mulatos indians pakis south east asians jews all ethnic even partially any mixes of these,12861638_gab
9,9,0,0,modi is the one evil fish who is eating the muslims just because of his hatred towards muslims indiashatevirus,1248575708726792192_twitter
10,10,0,0,<user> haha imagine liking tj3 environment made vy not a faggot gang,1179090464290611201_twitter
11,11,0,0,so where is clooney moving to maybe he will move to poland they have not accepted muslim refugees on wait he is for open borders so why is he leaving the uk,9560440_gab
12,12,0,1,on one hand i kinda like the safety of living in deep south country on the other hand there not enough ghetto rats to try and riot so i do not get open hunting season when they try to start the next civil war,1480557_gab
13,13,0,0,<user> you are too wonderful of a man to be in the late 1 9 2 0 better the late 1 9 5 0 as wwii would be over men were men women were respectful and loving dressed like ladies conservative women still are and do,5399581_gab
14,14,1,1,you are not even white ya fucking kike suck that fuentes spic dick more fake ass kike moonman,21726323_gab
15,15,1,1,that nigger went out for a pack of smokes and a drink about a year ago,14835583_gab
16,16,1,1,that nigger tariq nasheed better not show up to e3,27251442_gab
17,17,0,0,<user> you confound arabs with north africains white people romains and iberian origin and i am the illiterate how many languages do you speak doctor in geography which is pointing africa in the arabic peninsula i speak <number> like a native sucker,12659625_gab
18,18,1,1,lol seriously you think an employed person can say nigger lol i meant white person btw get real go ask all the nigger guys on south park,11133060_gab
19,19,1,1,oh hell no fuck this kike bitch,25665650_gab
20,20,0,0,death penalty for this trigger happy hillbilly trailer trash muderer amber guyger amber guyger amber guyger trial police brutality,1179078045132414976_twitter
21,21,0,0,nah taking screen shots would be admitting i care frankly i do not i am just looking to take out my unbridled rage on someone it might as well be a nazi piece of shit,20893287_gab
22,22,1,1,and i loveez dee poontang djd i beez buyin dat snatch on 4 th st fo <number> an <number> fo sum haid dat beez nigger poon do ya wan what poona gonna beez runnin ya <number> an dat beez wit a rubba,25516280_gab
23,23,0,0,told my special ed friend to freestyle on beat nigga was going retarded üî•,1241584964216541184_twitter
24,24,0,0,<user> <user> <user> üòÇ ya u give him chocolate and send him home he will be sent again with same mindset because deep down someone jihadi mindest told him ur fighting for azzadi such a shame brainwashing child for these things they just detain them simple,1179060921219444737_twitter
25,25,0,0,wait ppl didn ‚Äô t know the actor for justin foley was actually gay,1270213454620745728_twitter
26,26,0,0,<user> i definately have to come over and visit soon üòç üòç üòç i need to be raped by more than one,1179005076536483840_twitter
27,27,1,1,<user> christians fail to explain how this harms them though it harms us when you faggots behave like the disease vector pedophiling murderous raping druggie shiteating conscienceless prog degenerate scum that you are aids is proof that god hates fags,3168947_gab
28,28,0,1,the daughter of a high ranking eu official was recently raped and murdered by a refugee centuries later and we are back to child sacrifice,2380519_gab
29,29,1,1,i am so happy potus told those silly brits to piss off imagine them allowing their trained chimps to order him to stay out it already too late for britain what white person is willing to die for a people who freely give their children to monkeys to destroy <user>,15553301_gab
30,30,0,0,is it women or gays you have not understood d d d seriously behind the tolerant speech they all make fun of them and treat them as retarded kids,10720104_gab
31,31,0,0,was a cnn white van nearby ready to take the shot,13162892_gab
32,32,0,0,<user> <user> the dregs of islamic state should be tried in syria and jailed,1096324380366422016_twitter
33,33,1,1,you wanna defend this hasbara kike thot too,27872681_gab
34,34,0,0,dieting is for women and slim waist twink faggots,1178308562776395777_twitter
35,35,0,0,interestingly the daily mirror say tommy robinson was filmed punching migrant in italy anybody that saw the full video will see how misleading and devious this is the mirror also broke the telford grooming gang story but failed to mention muslim men something does not seem right about this,21587405_gab
36,36,0,1,solo que soy de derecha a l <percent> el virus kike no va con jes√∫s,24549535_gab
37,37,0,0,<user> they will get arrested if cause violence,4100251_gab
38,38,0,0,bill deblasio d ny told cnn jake tapper that it is ok to shield undocumented immigrants who drive drunk from federal authorities if it does not lead to any other negative outcome,4616422_gab
39,39,0,0,‚Äú i need a kid thats gon wash them dishes ‚Äù üò≠ bitch is retarded,1076336613406457856_twitter
40,40,0,0,men of color do not care to meet white parents they do not care what you think when they take your daughter to live in the ghetto or take her to a muslim colony you are white people and they hate your guts,16830069_gab
41,41,1,0,i am a lying faggot that moves the goal post,11684884_gab
42,42,0,0,<user> half the girls i develop a crush on are lesbians seems like,1188342473464135685_twitter
43,43,1,1,ok not only did i report that spic to ‚úùÔ∏è president trump üá∫ üá∏ i sent a warning for him to make sure the ice deportation team that he sends has far sighted agents go get her since she such an ugly spic facially,14445063_gab
44,44,0,0,quick reminder that <number> judges care more about their virtue signaling ideology than the lives of their fellow americans how many of these immigrants and refugees are they inviting to stay at their homes,5068045_gab
45,45,0,0,<user> <user> fire every employee that walks out and replace them with newly sworn in legal immigrants,1143832054444056577_twitter
46,46,0,0,<user> lesbian fanatic she may represent a segment of the gay lesbian group but that it,4393803_gab
47,47,1,0,black billionaire you know booty suckin this niggers,1178771153156018176_twitter
48,48,1,1,a foreign nigger is lord mayor of sheffield,25847294_gab
49,49,0,0,<user> <user> oh so when its white men suddenly they all look great üò°,1179086422139166720_twitter
50,50,0,0,<user> do not include egypt we are not arabs,1261085676025643014_twitter
51,51,1,1,better yet if they embrace them so much they should start going in for fgm on themselves let them prove their muzzie love to us,17821245_gab
52,52,0,0,<user> <user> and all the older white women are not like these crazy slutty women with one egg and a green card i guess it would not be a show if it did not show the worst in everyone ü§¶ üèª \u200d ‚ôÄÔ∏è still hooked though,1178870168593657856_twitter
53,53,0,0,that creature on the left she won the ghetto lottery with that one my goodness talk about lucking out maybe she his second wife hence the wedding dress if that the case please do not breed honey please please please,15042928_gab
54,54,0,0,liberal logic illegal alien kills kate steinle conservatives upset over acquittal ergo conservatives hate immigrants conservative logic illegal alien kills kate steinle knows there is a difference between legal illegal immigrants ergo liberals are shameless liars,15524540_gab
55,55,0,0,no bbc news coverage of polish couple who were beaten and gang raped in italy in suspected migrant attack they found room for this though,11306174_gab
56,56,0,0,i am always a slut for gore content,1179093997806972933_twitter
57,57,0,0,lmao the lack of retards is making me retarded,4742501_gab
58,58,0,0,the ones that are un noticed put in an honest days work proud of their country love their women absolutely do anything for their families welfare serve their causes respect others going about the business of life quietly men with purpose and honor do not antagonize us fair warning,9124803_gab
59,59,0,1,online nazi haha guys the left can not meme <number> white privilege diversity is our strength race is just skin color the holocaust racist sexist bigot homophobe islamophobe anti semite,17187669_gab
60,60,0,0,in the antebellum u.s. a white person just sold a black person grandchild,1179091363725361152_twitter
61,61,0,1,<user> <user> tell her to fuck off what the hell is she doing posing as a rabbi vile common shit bitch,1242862855390736385_twitter
62,62,0,0,<user> <user> what an idiotic comment white people are not using these asians to sue harvard the asians are suing on their own initiative hypocrite hari also known as the neckless one is trying to insidiously scapegoat white people in his anti white bigotry,1179082549617930240_twitter
63,63,1,1,the reason jews shitlibs faggots hate attack christians while defending muslims is because they know the christians will never fight back while the sand niggers will throw their skinny jeaned asses off roofs cut their fucking knit capped heads off,6453946_gab
64,64,1,1,where do we send complaints when muzrat eunuchs like darrenb are allowed to make complaints against normal people,11474597_gab
65,65,1,1,my baby blunt smoking bitch fuck with us suckin this niggers,1178941622815526912_twitter
66,66,0,0,neva give these niggas lead way,1145916476131614721_twitter
67,67,0,0,<date> dawn steve doocy fox friends said there are reports the whole syria chem attack was staged correct then the stupid bitch sitting next to him mocked his accurate report swamp is easy to id still its refreshing to see a hint of truth in msm thanks steve qanon,23624719_gab
68,68,1,1,oh look another anti white kike on gab my muslim buddies stab jews for peace,11272788_gab
69,69,1,0,twitter didnt like ne say we neved had knifings etc before the muslim infestation been locked out for <number> hours üòÄ üòÄ üòÄ üòá üòá,18392941_gab
70,70,0,1,<number> specifically the male acquiescence to female liberation has resulted in this current conundrum in order to solve the current conundrum women must be de liberated by having their decision making privileges removed,13211398_gab
71,71,1,1,nobody else would find these women attractive but the muzzies routinely fuck sheep and goats an ugly old woman is a treat to them,8968572_gab
72,72,0,0,pathetic but yet most likely supports the violence that hollywood puts out,20203772_gab
73,73,0,0,most whites adapt pretty easy to being a minority as long as the new majority are not violent idiots like blacks whites flee becoming a minority to blacks but they just accept becoming minorities to asians and hispanics,16520172_gab
74,74,0,0,<user> yeah that was dope,1178899821392023552_twitter
75,75,0,0,gucci flip flops fuck it hit yo bitch in ma socks,1087971969243455489_twitter
76,76,1,1,lets fight the kike,17973079_gab
77,77,0,0,well <number> there are hundreds of thousands if not millions of instances of blacks saying kill all whites on twitter that will never get removed <number> even in the rare instance of a tweet post removal it almost certain the user wasn t banned point being google apple do not enforce their standard,12171004_gab
78,78,1,0,israel first we didnt blow up the twin towers with thermite so that you tell us you wont take the arabs from iraq that will replace you,5863837_gab
79,79,0,0,fuckin with the same sex they say it a sin huh but i am a dyke and she a fem it a synonym ooh puttin m ms in the bitch then i go and buy a pack of m ms nigga let us get it <user>,1178571617254940672_twitter
80,80,0,0,russia and iran defeated isis what wrong with putin he helped liberated syria why do you think our greatest ally israel and the jews on the news media are demonizing iran syria and russia find any coincidences there,19613678_gab
81,81,0,0,<user> hilda hey sylvain i rly like you but also i kind of fucking hate you <laugh>,1178855655341465601_twitter
82,82,0,0,if donald trump was a president like woodrow wilson we the white race would have a president to remembered but trump used the white working class to achieve his goals as president he has done nothing for the white race he has however appeased blacks by immortalizing martin luther king jr,19057440_gab
83,83,0,0,ion wanna hear no more stripper slander now you all see why we still in business üíÄ üòÇ üòÇ niggas be overly horny and green easiest ones to dictate,1166078998767722497_twitter
84,84,1,0,because we bucked natural selection and currency manipulators have ravaged the world yes the weaker of every people die off i will take fighting gender queers and 1 4 century folk over crossing the atlantic and fighting indians and shit,8210379_gab
85,85,1,1,give a nigger an inch they take a mile lol retarded creatures they fuck themselves over every time,21209515_gab
86,86,0,0,new zealand south of auckland is still ok with few third world immigrants tho lots of chinese in auckland beautiful small distances lovely fresh food lots of jobs tho not great pay housing expensive,17534594_gab
87,87,1,0,some fella with a muzzy demanding the tuc call a general strike hahahahahhahahahahahahhahahaa you re about to get vaporised lads you won t be emptying the bins anyway threads,1178749717003558912_twitter
88,88,0,0,sounds like moslem men have no self control whatsoever,7711217_gab
89,89,0,1,they were and are arabs they have been given multiple chances for <number> state solution always was israel,15418448_gab
90,90,0,0,white bitch pink pussy,1242188730099793920_twitter
91,91,1,1,how many in percentage form jews niggers mexicans muzzies or dot heads vote for less government intrusion and less government services,17397697_gab
92,92,0,0,gay people tweeting about got just look like they ‚Äô re ready to party and play,1117595210094002176_twitter
93,93,1,1,nigger is not something we use it just is not but since they say we can not say it i like to show them that we can see miracles do happen i think the <number> big dirty words are nigger kike cunt and broke,9827968_gab
94,94,0,0,<user> <user> i learn islamic education in schools and im still gay honey,1114575701305200640_twitter
95,95,0,0,beginning october 1 st new york will begin arresting people and fine them <money> dollars for using the word illegal alien america will now have american citizens in prison as political prisoners just like communists countries,1178848652812525569_twitter
96,96,1,1,what a fucking nigger fag pantload i wonder who actually wrote that for this affirmative action push along toy,11580960_gab
97,97,0,1,<user> hm so which do we think is worse sharialaw you know what the do to women hrc we know what she does to anyone yourpizzascooked or all the radical islamic terrorists love ya huma,2859820_gab
98,98,0,0,<user> words are important af and change with the times we no longer describe people as retarded faggot or even indian it called progress forcing people who want things from government to treat others who also pay taxes respectfully seems ok to me,1179019049969373184_twitter
99,99,1,0,at least the foreign queers are figuring it out now,5806927_gab
100,100,0,0,need to fix the language recognizer this came up with translate from de not sure if it should have recognized it as redneck or ghetto,8816114_gab
101,101,0,1,if you ‚Äô re a grown fucking adult asking your parents for money you ‚Äô re a shitty human being and i hate your guts,1098391144663261186_twitter
102,102,0,0,<user> bitch im screaming at the top of my lungs üò©,1179011933829120000_twitter
103,103,0,0,good looking couple pity only models who probably will not have kids or will mix white men really need to get over this traditional asian wife crap white women need to stop trying to prove i am not racist by dating dark young whites marry breed repeat,8431209_gab
104,104,1,0,<user> its totly gcc countries muslim leaders fault beacuse of them these mother fukers can do anything with muslims of end ia,1253446187509784576_twitter
105,105,0,0,i am just trying so hard to put myself in the shoes of antifa and understand their reasoning but i just can not their entire organizational concept is anti fascism yet they use terror and violence to stop others free speech is not that fascism wtf,10590958_gab
106,106,0,0,<user> <user> she grew up with a white trash her words mom and it <percent> primed her for all of her intense class issues her mother by the way sounds awesome she has a sleeve tattoo of all her parrots and thinks corsets are gross,1179016476017254403_twitter
107,107,1,1,it sad when innocent whites die it not sad when subversive self hating whites die she was helping nonwhite moslem illegals stay in the country thereby acting against white interests she was killed by an illegal nonwhite moslem migrant it poetic,6893433_gab
108,108,1,1,the kike usurped the white people place white europeans are god chosen people jesus was a gaul not a kike,25355082_gab
109,109,1,1,the klintoons and ovomit should die in prison together ovomit van be the klintoon house nigger hilree must be pissed that a nigger beat her for president,14877373_gab
110,110,0,0,i ‚Äô m try this relationship one more time before i marry a immigrant for <number> bands,1126522530775412742_twitter
111,111,1,1,i saw a very bad case of jungle fever mudshark disease last nite da nigger wuz about <number> <number> lbs and had a hybrid sheep dog string mop weave on his haid,22545451_gab
112,112,0,0,a majority white area is a suburb a majority non white area is a ghetto,11980925_gab
113,113,0,0,<user> you and your politicians ignored the plight of kashmiri hindus you watched them be raped and killed you did nothing madam,1179036898611752962_twitter
114,114,0,0,right ngl lads lets censor the shit before stick up they ass bitches run rampant,1091863937673580545_twitter
115,115,0,0,represents the majority vast majority there are a minority of jews that oppose the push for white genocide and call it out for what it is a threat to their own well being <user> \u200d,22219579_gab
116,116,0,0,i truly am the biggest retard,1076795373803524097_twitter
117,117,1,1,anthony bourdain was a kike that advocated for white genocide good riddance,27162115_gab
118,118,0,0,<user> wtf is wrong with these demon rats ha <user> do not let the medical records for illegal aliens fast track to electronic system shoot this bill down vets deserve it first not illegals üò°,1179036515466272768_twitter
119,119,0,0,miss the chinaman in the hood yo,1178334905165651968_twitter
120,120,1,1,sure that why sandniggers hate jews totally oh yes we should take someone who is defending the very people who gangrape european women seriously totally no islam needs to die the only good muslim is a dead muslim stop defending them or you too will be one of them,17965117_gab
121,121,0,0,tottenham losing at hoe me üòÇ üòÇ üòÇ champions league,1123306795202744321_twitter
122,122,0,0,press release we want to commend jussie smollett on creating <number> jobs for <number> wonderful immigrants,1097165978176237568_twitter
123,123,0,0,do the democrats feel white privilege or white racists are the problem these retards are retarted,1115764597720408064_twitter
124,124,0,0,<user> <user> <user> <user> i pity for you you know nothing how hundreds have dies fighting terrorists they are just like japanese people who raped your women and murdered your men i think you forgot how evil people can get bye,1179065625626460162_twitter
125,125,1,0,with brown skin lmao i am dying laughing ü§£ ü§£ ü§£ ü§£ ü§£ you all must truly have an inferiority complex since you want to claim anyone who did anything great while at the same time calling them sand niggers now you are trying to say they are white lmao jews are white too now right ü§£ ü§£,22669058_gab
126,126,1,1,implies female sand niggers are hot ignores the bin bag they wear to hide their hideousness,25551077_gab
127,127,0,0,gatewaypundit is pure fake news it just clickbait for retarded people trump did not cancel the diversity lottery he can not do that even if he wanted to do it,14049816_gab
128,128,0,0,loll calling me a zhid and pedophile when i am neither,21276945_gab
129,129,1,1,luke o brien models himself as the perfect bugman the drivel he puts out is vapid snark supporting the status quo while attacking things he too moronic to understand this is a man who has spent decades climbing the ladder of anti white organizations by religiously scrubbing kike scrotum sad,16752837_gab
130,130,0,0,bill maher m islam is horrible and mosques should not exist anywhere fuck freedom of religion white liberals o lol it ok,1178483586208538624_twitter
131,131,0,1,amen blacks suspended about <number> times as much as whites sheboons suspended <number> times as much as white girls standard crime pattern mainly due to genes blacks injuns hispanics whites asians,23593460_gab
132,132,1,1,i have got <number> more days to go on a twitter ban for pointing out that the word nigger describes an attitude and not a person that there are a great number of wonderful black people who are not defined by the term,15968656_gab
133,133,1,0,this whole album is <number> <number> very underrated not joking he even says nigger hard r in one of the songs hee hee,20872466_gab
134,134,0,1,you can read his statements for yourself why can not he say wall instead of the gay faggot words border security because there will be no wall fucking jared kushner and ivanka fucking us too by making daddy trump believe this dumb daca shit scam,12168951_gab
135,135,0,0,tomi lahren is the epitome of the white bitches all our folks wanted us to avoid,1092406126350647296_twitter
136,136,0,0,<user> chile the ghetto üíÄ üíÄ üíÄ they mustve stole it coz they hate u i,1197908317705850885_twitter
137,137,1,0,thank god for aubameyang as well it shuts all them fucking mckola and howson faggots up as well two wankstains then again it hard to come across a united fan who is not,1178783419188174848_twitter
138,138,0,0,as pierce pointed out the glorious day is coming when a republican will never win the presidency again and the white middle class will have to confront the reality of <number> million blacks,21216152_gab
139,139,0,0,<user> <user> i ‚Äô m fucking english you retarded cunt üòí,1192257738807611397_twitter
140,140,0,0,ok good people i am gabbed out sorry for porn i will remember from now on nsfw no sex for women i ve got add but i will try to remember no sex for women,1189333_gab
141,141,0,0,it ‚Äô bad enough the caucasians shade me for my name but my own ppl be mocking me the spelling is different üò°,1275492309170376713_twitter
142,142,1,1,ok so i can be called a kike and a cunt but i cant retaliate look i am a fighter i dont roll over and play dead like many jews do capiche pussy <wink>,11657882_gab
143,143,0,0,yeah tell the arabs that israel can name any city it wants to name as it capital,25614896_gab
144,144,1,1,fuck those faggots and dykes,23964065_gab
145,145,1,1,obozo troll hiding under that tree the moslem is the prize kill,19137586_gab
146,146,0,0,the only two things that work in this world are money and violence and money only works by purchasing violence or purchasing protection from violence,22373851_gab
147,147,0,0,oh ya you do not think i am edgy i spend every day at a racecourse made of polytrack and live in a house full of white carpet,1178749761555488775_twitter
148,148,0,0,i wonder how many tiny home enthusiasts still call poor people living in mobile homes trailer trash while missing the irony completely ü§î,1177712263026884608_twitter
149,149,0,0,<user> <user> <user> rape does not justify murder if i was raped and killed the girl who raped me i would go to jail your not allowed to be pardoned of murder just because you were raped it does not make the situation any better and suicide rates only increase more,1179034275586420736_twitter
150,150,0,0,<user> <user> ching chong ching,1178691252402806784_twitter
151,151,0,0,<user> lmfao fucking hate you nigga,1178833199297900545_twitter
152,152,0,0,<user> <user> it the jews not europeans stop shifting blame on gentiles,1265280315565592579_twitter
153,153,1,0,daily reminder that any self proclaimed lolbertarian who does not like hoppe is a faggot and a disgrace real libertaryans were always politically incorrect,16056333_gab
154,154,0,0,red velvet got called black old and homophobic all by their own fandom i can ‚Äô t üò≠,1142371416823742464_twitter
155,155,0,0,<user> <user> i drank one whole one and thru tf up,1178818630567497731_twitter
156,156,0,0,cause these niggas pussy and i am hard,1122649694574907393_twitter
157,157,1,0,why you cucked racemixer you have low iq and brainwashed brain by jews to have a low iq mexican wife what wrong with you nehlen,22971068_gab
158,158,0,0,any sufficiently conservative political party would prohibit women from full membership only admit virgins wives widows to associate membership and bar any person without adequate national heritage <user>,12588713_gab
159,159,0,0,<user> if you take credit for the good then take credit for the bad mass shootings white supremacy kids in cages world leaders think your a joke corruption obstruction of justice massive debt pornstars shithole countries on and on your market is smoke and mirrors bullshit,1178988011738062848_twitter
160,160,0,0,if men are only good for the money then women are only good for popping out babies the next society will remember this,17566705_gab
161,161,0,0,all people deserve to believe in their heritage the line is crossed with violence and destruction for the only moral reason for govt to exist is the protection of rights property and person no more demonization,10842673_gab
162,162,0,1,rachel madcow is a lesbianic feminazi that hates america and wants to hand it over to the globalists,27934928_gab
163,163,0,0,<user> <user> people act as if you can not say the same about the states obviously not all americans are pro guns not all americans support their government treatment of immigrants and foreigners but when it comes to israel suddenly the logic changes,1178692320201527307_twitter
164,164,0,0,jewish professor says the holocaust is fake you can find professor dommergue on youtube,17348408_gab
165,165,0,0,what did more for islam,1100614015351488513_twitter
166,166,0,0,<user> <user> as an actual hillbilly i would take offense to that if it were not funny,1178992659840393216_twitter
167,167,0,0,mf said that a was the best sex of his life bitch i know üòä üòò,1186731655182143488_twitter
168,168,1,1,apparently cannot read either stormer women are off limits to kike mediatards,14046032_gab
169,169,1,0,practicing orthodox jews perhaps but it is common knowledge that hitlers great friend was a butt pirate also common knowledge that hitler had <number> jewish blood in his veins so your heros are faggots and jews,17964759_gab
170,170,0,0,we should trick sjws into protesting mlk for violence against women plus homophobia i believe there a letter where mlk spoke ill of homosexuality,10751938_gab
171,171,0,0,<user> <user> tweet about illegal immigrants or muslim terrorists they will be round in <number> minutes,1178570489926733826_twitter
172,172,0,0,the reality is you not finna learn which type of bitch you donating to until after you done spent on her,1179078745715597315_twitter
173,173,1,1,so muslimes think they can kill people who do not live like them and you want to tolerate that you must be a liberal and a fucking retard who will soon be dead,9814962_gab
174,174,0,0,y ‚Äô all still not throwing money at the strippers the ghetto lol,1200706751034773504_twitter
175,175,1,1,yeah it would have been so much better to let the nazis kill all the jews and all niggers and all the catholics and all the mud people and all the,25030808_gab
176,176,1,1,i have no clue look what you wrote chimps have <percent> shared genome w humans but your too lazy to even google no one historically outside africa has nigger genome profile only now bc travel let the garbage spill out no niggers as <percent> had neander denisova et al genes only non niggers,17524279_gab
177,177,0,0,1 st wave feminism let us vote and shit assholes modern feminism i hope you get raped for not bowing at the altar of big government fellow females,1179047731505049600_twitter
178,178,0,0,i have a feeling that the nazis would look at our left and be like hold up that brilliant i am writing that one down so we can use that demonize opponent in the media and normalize violence against them then gas the jews,1472569_gab
179,179,0,0,<user> <user> <user> do not forget we are no longer allowed to call anyone illegal aliens when in ny,1179100244300181504_twitter
180,180,1,1,and yet you continue to associate with people you deem nigger faggots,22341093_gab
181,181,1,0,<user> just told me he gained so much weight lately because of all of the nigger cum he been swallowing tmi vox i replied,11800714_gab
182,182,1,0,catholic church since preacher frankie took over a catholic church cemetery in italy where a nativity scene had been displayed every christmas for decades the preacher decided that it will not be displayed because it might hurt some muzzie feelings a top commandment of the gospel is to witness,2892220_gab
183,183,0,0,yep and hot women like helicopter pilots too did you notice that both prince william and prince harry are chopper pilots we rotorheads have gone down in a lot of hairy places,26776782_gab
184,184,0,0,<user> you know that muslims are real brits right,1169564876425089025_twitter
185,185,0,0,why are men actually retarded,1106683061373153281_twitter
186,186,1,0,<user> should not vr called zayn a sand nigger ü§∑ üèª \u200d ‚ôÄÔ∏è ü§∑ üèª \u200d ‚ôÄÔ∏è,1178773239566405633_twitter
187,187,0,0,all it takes is personally encountering the chinaman,1178715349493014528_twitter
188,188,0,0,zion goes down after slipping and tearing out of his shoes he limps off on his own power jack white in to the game,1098403782088634368_twitter
189,189,1,1,just attacked one of them faggots feelin pretty good,1178981359991349248_twitter
190,190,1,1,tldr shut up and kill sand niggers for muh izrul goyim you are here to serve not to question,10060746_gab
191,191,1,1,cuckservative media calls trump a liberal liberal kike media calls him far right tired of these deceitful cocksuckers,2372101_gab
192,192,0,0,the history of how copper wire was invented in six words two jews fighting over a penny,6178631_gab
193,193,0,0,<user> <user> lmao shut up bitch report that,1170418694104600576_twitter
194,194,1,1,if you like niggers so much change your name to walkerifuckniggers begone nigger lover,19090207_gab
195,195,0,0,i want to hate you but i can not üòû,1087130490648363009_twitter
196,196,0,0,<user> <user> i can ‚Äô t even lmao how dumb and retarded are you irl,1216420675327533058_twitter
197,197,0,1,<user> <user> we will probably never really know the true depth of his faggot depravity and his scumbag pedophilia and i honestly do not want to know anymore about his demonic psychosis all homos are pedos some just hide it control it better than others,14265205_gab
198,198,0,0,selling spike shoes spring shoes climbing gloves and a cape,1105749417674473472_twitter
199,199,0,0,israel need some diversity then jews will be good at sports finally it will be their strength altright,21829203_gab
200,200,0,0,<user> all white guys should quit supporting you,1179026967263420416_twitter
201,201,1,0,<user> you do know the nigger family skit had white people in it chappelle used the word for a skit he not walking around calling everybody faggots my iq understands that much,1178311052062277634_twitter
202,202,0,0,oh wow i never knew that what a feminazi was holy shit i definitely do not fit that bill i just thought it was some made up word,12946173_gab
203,203,1,1,ffs people do unto others does not let foreigners and niggers come to your country and screw your daughters,14269466_gab
204,204,1,1,further circa <number> mild retardation was marked at iq <number> once the jew headed uncivil rights nigger promotion scam was underway it was realized niggers mean iq is <number> mild retardation so they lowered retarded to <number> on paper but everyone knows niggers are retarded mentally,17825834_gab
205,205,1,1,other than ted bundy i have never heard of a violent criminal voting republican republicans should be doing everything in their power to keep felons from voting and if kike judges make that impossible keeping felons in prison imo republicans advocating for muh prison reform is political suicide,19513796_gab
206,206,1,1,if only the kike loving shabbos goys would follow your advice dude,13338889_gab
207,207,0,0,<user> im from the uk and i do <number> so am i american now if so call trump and say another muslim is coming,1087122450700267523_twitter
208,208,0,0,only mothers day cards are displayed in ghetto stores few are sure of who is their father moms boy friend is called uncle not pop one alpha stud impregnated dozens and never saw his children guys have to hang around and not go from hole to hole,27691009_gab
209,209,0,0,speakfreely maga we are all thinking it not a bad ghetto idea but shit they will fry anything,2869193_gab
210,210,0,0,bindis are like if god had a retarded little brother who tried to make humans too mpcstatusupdates,10152676_gab
211,211,0,0,some of you niggas be lookin like dykes i follow back like a fool stop setting me up,1178145888922939393_twitter
212,212,0,0,so walmart quietly removing cashiers nationwide technology is replacing humans not immigrants ü§∑ üèæ \u200d ‚ôÇ Ô∏è,1164629846384947200_twitter
213,213,0,0,<user> sir i have serious doubts if anything will affect us now we have become thick skinned and callous the way we are so insensitive nothing moves us women get raped minorities get lynched and many among us instead of opposing are busy recording if this is not nadir what is,1178700725896921088_twitter
214,214,1,0,im just going to assume that guy fucked a nigger in the ass and <user> was the result if newsweek does not need to verify stories neither do i,18211625_gab
215,215,1,1,yes graffiti is nigger behavior,22771907_gab
216,216,0,0,<user> you have made like <number> tweets today stop being a faggot,1178902054531735552_twitter
217,217,1,1,<percent> of bands replacing frontmen are epic fails stp without scott will be ugly the only success i can think of offhand is van hagar sammy was way better than that kike roth,18538260_gab
218,218,1,1,paul joseph watson thinks he looks cool with a ciggie hanging out of his big nigger lips,20151499_gab
219,219,0,0,it been a slow targeted boil ‚Ä¢ <number> <number> twitter places limits on parody accounts ‚Ä¢ <number> the company issues targeted abuse guidelines in response to a wave of high profile misogynistic harassment ‚Ä¢ <number> twitter bans threats terrorism promoting violence against others twitterpurge,14971439_gab
220,220,0,0,starbucks has updated the company definition of fair trade to mean that hiring illegal immigrants from coffee producing countries is fair trade the shitty price they pay the farmers remains unchanged,5057306_gab
221,221,0,0,<user> i think immigrants should replace people like you,1165804439632011264_twitter
222,222,1,1,sorry moving to se rural ok soon an area where no niggers or other pocs except a few choctaw no bad gun laws low taxes hardly any people except a few rednecks plenty of fish hogs and deer no one gaf what you do,13500230_gab
223,223,0,0,so now you are calling yourself whoever agrees with you severely retarded baboons,14547872_gab
224,224,1,1,you just wrote some nigger words like the low energy obsolete farm equipment you are boy,23956986_gab
225,225,0,0,thoughts on day whatever of quarantine women in dog shows all look like amy klobuchar send tweet,1243708322223661057_twitter
226,226,0,1,the bbc are in mourning as the death of moslem convert sally jones aka the white widow in syria is confirmed,13261438_gab
227,227,1,0,early in the morning and there already armenians driving like faggots,1179043779354882049_twitter
228,228,1,0,a friend of a friend was run over her husband killed by a mussie in the uk run over and back over he backed up this was no accident she is still battling to get compensation and heal,19406744_gab
229,229,0,0,i am very happy that wtp have a voice in the wh now muslim refugees w no skills will be welfare babies forever and a day we are <number> trillion in debt by the gop bush family and another <number> trillion by the dem obama family <number> the other,17034621_gab
230,230,0,0,<user> i hate you fat whore,1142551247595147265_twitter
231,231,1,1,that cool keep em coming soy nigger aka ricky best bitch,23383427_gab
232,232,1,1,you lying nigger the kk did no such thing to your fam the niggers that got lynched were those who raped robbed and attempted to kill whites they were lynched or otherwise for damn good reason gtfo with your pappy bullshit you need to go back to africa,21603448_gab
233,233,0,1,<user> honestly as a comms person kill all comms people,1179049673635577862_twitter
234,234,0,0,lefties will claim the headline is the problem not the violent immigrants ausfam auspol ausfam auspol ausfam auspol australia,24792315_gab
235,235,0,0,wtf the russians have given their own shows to george galloway an anti white communist afshin rattansi a gay moslem communist now that fat sack of shit alex salmond rtuk is just as right on as the rest of the british media what so alternative about them anyway,14408681_gab
236,236,0,0,islam and the nazi best friend,17033996_gab
237,237,1,1,the chimp virgin nigger can not spell australian so he has to ebonics text oz instead,26107989_gab
238,238,0,0,<user> if this country was founded my muslims it would be an oppressive religiously intolerant regime it would be iran,1117130997126950919_twitter
239,239,0,0,i hope this message board service takes off and provides an alternative to twitter i look forward to following those intrepid twitter refugees who find their way on here,14802936_gab
240,240,0,0,it seems that the whole blm movement boomeranged on blacks in the ghettos ytd in <number> homicides in chicago are down from the same period in <number> but are still way up from the same time period in <number>,12589613_gab
241,241,1,1,here the funny thing about sarsour she d never dare try to pull this bullshit in a muzzie country shed need that much makeup to cover the bruises from being slapped around by their cowardly men these maggots are establishing a caliphate right under our apathetic ignorant little noses,16350214_gab
242,242,1,1,chosen iq gab crashed and sent my reply unfinished embarrassing point is this guy is a dirty nigger,18837400_gab
243,243,1,1,a sand nigger with an agenda,18744398_gab
244,244,0,0,alot of you hoes is tasha,1174002223556243457_twitter
245,245,1,1,catch a nigger by his toe stop him raping an underage how,19840172_gab
246,246,0,0,<user> <user> ok let me send some illigal jihadi migrates in to your home,1179033606108266496_twitter
247,247,0,0,the harassment of britain first continues they deserve your support,16495378_gab
248,248,1,0,she a raghead either way,15025367_gab
249,249,0,0,you know those women you see around that have that trailer trash made up look with the bad eye makeup messy bun padded bra and super skinny meth body yeah they are probably meth addicts ‚Äî author unknown,1178748502849052672_twitter
250,250,0,0,how ghetto do you have to be to steal from your friends,1161901400655220737_twitter
251,251,1,1,lol it shocking news to normies that they do not have any nigger genes üôÑ they believe that race is not real however if there are such things as nigger genes they are terribly disappointed they dont have any lol,25629260_gab
252,252,0,0,a pussy hoe could never is so ghetto and i hate hearing it,1178857682511511552_twitter
253,253,1,1,fuck you kike,19410887_gab
254,254,0,0,1 0 th floor maybe wow cnn with the fakenews the body count is going to be waay bad too but we can all go home now they have the white ar <number> toting suicide shooter with huge drum mags dead on the 3 2 nd floor,12868088_gab
255,255,0,0,<user> <user> and whenthat does not work when women are being raped just do nothing and say well we will work on prevention instead of trying to get justice and taking a perp off the street,1179048549390131202_twitter
256,256,0,0,<user> <user> <user> it called capitalism towel head go back to your communist country and see how that works out,1177662316835475457_twitter
257,257,0,0,<user> there something really grotesque about the implication that any space this white woman enters legally becomes her castle,1178802698843328512_twitter
258,258,0,0,<user> that wall was built for different reasons terrorism not illegal immigrants,1078404896007864321_twitter
259,259,0,0,<user> as salam o aliqum my self umar khan <number> years old muslim mulla sunni pathan karachi pakistan height <number> weight 8 0 kgs,1265596729677799424_twitter
260,260,0,0,<user> <number> bank islam,1264509142451941376_twitter
261,261,1,1,i did not say anything about doing something illegal i repeatedly asked the guy if he was ever planning on doing an event irl he assumed i meant shooting shit up he responded with you are a kike and a shill before blocking me,21838010_gab
262,262,0,0,yes npr do go on please tell me about all the poor women who need my money because they can not keep their legs closed maga speakfreely,3990992_gab
263,263,0,0,they of all people know how much violence is going on and are sick of it and want to protect their children,10528805_gab
264,264,0,0,then why are all the white girls being raped and murdered by blacks,20771302_gab
265,265,0,1,god will not bless the republican party who bans christians including queers is tolerance banning christians is sin cpac is no longer christian,19817414_gab
266,266,0,0,<user> wow porch monkey ur mean,1178852610025111553_twitter
267,267,0,0,hey tie your shoes i do not want you falling for anyone else fine liereposposa atvistamall may mallshow si lie <user>,1165560301753790464_twitter
268,268,0,0,my laptop freeze after freeze the ghetto üò∑,1104694076274761728_twitter
269,269,1,0,<user> but muzzies deny the trinity only one allah and nothing beside or to compare to indeed they see jesus as just another prophet,4120470_gab
270,270,0,0,imagine being this retarded,23381448_gab
271,271,0,0,so far this year the left has opposed free speech called for violence against political enemies and opposes due process for boys on college campuses somehow that does not strike me as anti fascist,11862543_gab
272,272,0,0,sees white decline what have i done,24385048_gab
273,273,0,0,<user> isn ‚Äô t this guy married to an illegal immigrant with no job,1164270020597297154_twitter
274,274,1,1,you conservative faggots have not conserved anything enjoy your niglet grandchildren,16866274_gab
275,275,0,0,<user> she gives women a bad name üò°,1096491_gab
276,276,1,1,not all faggots love twinks many want to be ass raped by masculine alphas like me,5390438_gab
277,277,0,0,he will do it too nigga do not doubt him,19460830_gab
278,278,0,0,do not put your gab mug in the dishwasher the gab decal is not dishwasher safe üò¢ <user> <user> edit only the black gab mug does this the white one will not thanks for the replacement gab ‚ô•,20009853_gab
279,279,0,0,<user> either way even <number> year old carpet sucks as the contractors were putting the last staple into my parent white carpet dad spilled a big red on it and that stain was just there until my mom ripped up her carpet this year,1178851803296927744_twitter
280,280,1,1,roflmao yeah nothing us your own fault us it jonni you fucktwits gave up years ago and you have been surrendering to every shadow you pass since grow a spine for a change and take responsibility for yourselves you are starting to sound like a nigger now,20120250_gab
281,281,0,0,can not wait to become america first slutty queer president,1178557995015430150_twitter
282,282,1,1,fucking fat kike,17615865_gab
283,283,0,0,<user> bitch fuck ur niceness drop the,1092895603984601088_twitter
284,284,0,0,i am for this to fill our current refugee quotas but if they start voting democrat i am gonna vote to send them back,20841103_gab
285,285,0,0,the only real nazi is george soros and he is currently using ngo to flood europe with 3 rd world peoples he funds antifa he funds womens groups he is very anti white you d think the nazis were pro white based on the context of the insult,19141545_gab
286,286,0,0,you dudes need to boss up i am tired of women saying niggas ain t shit,1081197157439426560_twitter
287,287,1,1,just noticed that nigger has blonde hair ya see folks all of the shame and sins they put on whites is not about equality or fairness etc it is about controlling whites they hate whites they rub it in your faces,21611117_gab
288,288,1,1,there was no islamic holy violence prior to <number> retard slav nigger,15782348_gab
289,289,0,0,cnn exclusive picture of the plight of refugees on the high seas,8524582_gab
290,290,0,1,that bullshit you know nothing you are a fucking retard,11830210_gab
291,291,1,1,faggots and dykes have no busines adopting children or having children through surrogates thes4 degenerates only want kids to groom them into being the next generation of fags and dykes,25267753_gab
292,292,0,0,if peaches was white y ‚Äô all wouldn ‚Äô t think she was funny and you would actually want her to get the help she needs,1279235536717262850_twitter
293,293,0,0,i am a conservative i love christian orthodoxy ghetto rap family values and limited government my second amendment rights are ever present in discussions with others i pray for us all üôè,24022514_gab
294,294,0,0,<user> dumbass bitch accurate,1179041065514389504_twitter
295,295,0,0,no i fucking do not so why was he panicking i hate you shitty hair you do not fucking hate me asshat the smirk disappeared into another face of anger his right arm pointing a sharp finger towards katsuki,1178806707247570944_twitter
296,296,1,1,skank mudshark has to shop at the dollar store cause shes a single mom,7981655_gab
297,297,0,0,current tally of islam doing its thing first week of ramadamadingo,26113331_gab
298,298,1,1,you are retarded and do not know what reply mean or are a shitty troller suck a bag of nigger dicks faggot,18230837_gab
299,299,0,0,really sick of dudes actin like bitches,1084834432710656003_twitter
300,300,0,0,<user> <user> wow Ôºå real nazi words,1265591323207196672_twitter
301,301,1,1,i bet he wears a belt niggers are like retarded retards hopefully this white one will get the actual niggers to boycott america and leave it,25706209_gab
302,302,1,1,who says she even smoks the wed i bet she carries it in case some negro gets uppity she can throw it like bait into on coming traffic to get them to kill themselves,21735535_gab
303,303,0,0,intentionally scare hoes,1188814785644843009_twitter
304,304,0,0,yeah she ‚Äô ghetto but her vibe is graceful and golden,1084275208817725441_twitter
305,305,0,0,<user> <user> <user> <user> those people are dumb norway is less than <percent> the size of the states it like <percent> white and fairly culturally homogenous most of the immigrants come from white christian cultures it would be like trying to base national policy on some statistics about colorado,1179080211570278400_twitter
306,306,0,0,<user> üòÇ üòÇ üòÇ üòÇ i took one from this white dude and i had one of my own ion use em no more since niggas been dying and shit,1179084736037302272_twitter
307,307,1,0,wrong dipshit america was already a superpower before the jews got here we became the <number> economy on the planet in the 1 9 th century you retarded fuck,17013950_gab
308,308,0,0,i am so happy we got rid of that disgusting navy blue belt thing from last season kit the all white kit looks so clean,1179088669849931777_twitter
309,309,0,0,yeah a real discussion on islam with imams stuttering and spluttering trying to keep up he uses a map and puts mohammad on that map who seems to be in <number> places at once according to the quran hilarious,20370378_gab
310,310,0,0,wow she comes right out and says the real people oppressed are the white males in society thanks for posting this,9981575_gab
311,311,0,0,<user> so basically people in the comments are mad because he is helping the immigrants,1261386072069558273_twitter
312,312,1,1,ur nazi ur nazi u am nazi is usually the only argument the kike can come up with they are never able to come up with anything to say to try to prove the other person wrong,17179582_gab
313,313,0,0,share hoes not loaves,1181666173274001408_twitter
314,314,0,0,if there are legal immigrants who can enter the country properly and wait to get citizenship what the excuse of those who come here illegally answer there is none america wants legal immigrants who will help the country thrive not a bunch of freeloaders looking for handouts,17490824_gab
315,315,0,0,<user> bitch you dont answer me,1190706907461361666_twitter
316,316,0,0,<user> <user> usa only gave u guys money and now who is giving them money are not you guys doing now and what about alkaida laskara taiba jihadi isi mujhadin etc and ur hero haffez saeed masood azhar etc what about them,1179012544725278721_twitter
317,317,0,0,<user> ranking of jokers in order heath ledger joaquin phoenix jared leto,1172183388800700416_twitter
318,318,1,1,left wing politicians allowing this for the muzzrat vote jo cox did not learn just saying,21547300_gab
319,319,0,1,<user> coming from a rag head no less,1179014962741743616_twitter
320,320,0,0,<user> also people identifying white men who have been radicalized to view women as disposable sex objects and are linked to multiple mass murders is not the same as the fucking holocaust my god incels are so fucking ridiculous,1179061829655547906_twitter
321,321,0,0,<user> cause niggas do not respect lebron as the greatest to ever touch a basketball,1160744670361772034_twitter
322,322,1,1,i heard this filthy kike on the lars larsen show yesterday he one of bibi right hand guys apparently,21357074_gab
323,323,0,0,<user> <user> the game is a fucking masterpiece fuck all the haters eat shit mfs,1193106644277829632_twitter
324,324,1,1,oh that cute you have taken up the shitty catchphrase of the subversive gop kike douglass mackey subversive traitors get the bullet first,24844856_gab
325,325,0,0,<user> sup faggot suck my two inch cock thru my old navy jeans,1178504094530424833_twitter
326,326,0,0,non asians btw u cant make jokes like ‚Äú why do you hate asians ‚Äù ‚Äú do all asians look the same to you ‚Äù like u cant do that ‚ù§ Ô∏è thank u,1262556728660459521_twitter
327,327,0,0,<user> agree bully democrat <user> also bully on tv states qoute we do not need queer harassment <user> bullies in high school harassed me everyday with this word would it be the same if i said we do not need about her wtf,1179045393067319297_twitter
328,328,0,0,yellow album so cold niggas thought it was a fluke,1116794085476409344_twitter
329,329,0,1,so nice to see an american family in the white house and not the ghetto trash who was ruining our country maga gabfam britfam,20188913_gab
330,330,0,0,<user> what about men raped by women who just want to be pregnant or does not that happen ü§î,1090259169322528769_twitter
331,331,0,0,i kinda just wanna kill all the mean people i encounter,1179104508640559104_twitter
332,332,1,1,your target is here go get these filthy shit skin moslem terrorists,23801279_gab
333,333,1,1,did i say soley you disingenuous kike rat i said <percent> and it would be better without your <percent> plus the other former <percent> thanks kikes for crankung rhat up to <percent>,11534429_gab
334,334,0,0,i fucking hate you and i mean it,1179034368326565888_twitter
335,335,1,1,fbi is all niggers or spiritual mental niggers they get the info that their master demand and fill out the required paperwork like perfect house niggers,22088852_gab
336,336,1,1,non white and kike we are coming for you a white revolution is on its way,14035101_gab
337,337,1,1,says the guy calling for violence against cops and defending obama in the same breath you are a transparent kike hasbarat,27944432_gab
338,338,0,0,i feel like baltimore niggas can only put up with baltimore women bc we all a little retarded,1159103511113732096_twitter
339,339,0,0,<user> na actually buddhist christian sikh jain and hindu all were refugees and were allowed by indian government so they are living here legally but bangladeshi illegal immigrants are not so that why he cleared the air that all those refugess will not be asked to leave,1179095488282279937_twitter
340,340,0,0,i can just see it it is the division but i do not see why there must be a connection forced i do not feel connected to american women and i know majority of men do not we all either gonna wind up happily alone or married to non westernized women,1178981918731362310_twitter
341,341,1,1,you can not fix a country named nigger just like you can not fix a regular nigger,13797010_gab
342,342,0,1,<user> ching chong,1178963159907852288_twitter
343,343,1,0,this is wrong it included nigger on the end it read white lives matter nigger that why this particular incident was a bigger deal,14987108_gab
344,344,0,0,<user> dick pics from the muslimes and sexual violence from sikhs and hindus,15123499_gab
345,345,0,0,edited their news headline for clarity the most common baby name for a moslem in england muhammad mohammed,12443667_gab
346,346,0,0,the u.k. government has published a ramadan helpline for our moslem friends who have problems going all day without food and need a bit of violence to cheer them up but no helpline for the <number> of british children raped by pakistani moslem men üê∑ üê∑,25733215_gab
347,347,0,0,i keep finding out that these bitches i am stanning are like <number> max,1166400416676032512_twitter
348,348,0,0,a guy who ‚Äô been homophobic to me did not just put a picture of flower boy on his story üò≠ üò≠ these boys need to figure their shit out,1246212346890072064_twitter
349,349,1,0,i feel that i am a muslim and you whores need to put on a burqa so that someone that is not me accidentally does not stone you to death,12155952_gab
350,350,1,1,funny you should mention that muzzies believe dog saliva is filthy according to mohamed they r truly vile ü§£,22107142_gab
351,351,0,0,i am sad your a nazi splains a lot,13652786_gab
352,352,0,0,them asian girls that be acting black wit the acrylics the baby hairs laid irk me more than white bitches wit box braids üòÇ üòÇ üòÇ,1179079761437573120_twitter
353,353,1,1,it feels good to say kike on social media,24402010_gab
354,354,0,0,it figures that instead of investigating saudi arabia influence on clinton they would go after the white christian country russophobes maga gabfam speakfreely trump,2764024_gab
355,355,1,1,why would anyone put themselves on the side if either the muzrat or the kike filth if you think giving palestine to the muzrats will end terrorism i have got a bridge to sell you not old we need to eradicate them all there cannot be peace until muzrats are extinct,16935519_gab
356,356,0,0,if the bi coastal elites at microsoft really believe in diversity then let them have their lgbt celebrations in june during gay pride month and leave december to christians bill donohue catholic league,2830468_gab
357,357,0,0,shut the fuck up you anti white piece of shit no one wants to hear what you have to say,26612388_gab
358,358,0,0,hitler was a christian you retard,20147416_gab
359,359,0,0,<user> i agree with this not that it matters tho cause i am a white boi lmfao,1179268528739934208_twitter
360,360,1,1,the nigger deserves a punch in the face as well as hot coffee thrown in his face,24133934_gab
361,361,0,0,a decade ago i noticed nursing school commercials were constantly aimed at otherwise unemployable hoodrats and now sure enough the entire nursing profession seems to be nothing but ghetto trash,15240318_gab
362,362,1,1,nope disgusted muted keep your kike smut to yourself,26030631_gab
363,363,0,0,<user> <user> warren you look like a democratic cuck who worships women hoping to be one üòÇ üòÇ üòÇ,1116284284602474496_twitter
364,364,0,0,settlement and its naturalization then condi tioned the emergence of modern queer formations including their inheritance and sustaining of colonial biopolitics in the form of settler homonationalism,1178867414856953856_twitter
365,365,0,0,he shot at a cop she was harbarging him her word she said she did not but she did and she was not charged i always get spellbound by her golden locks fluttering in the gentle ghetto breeze,18485261_gab
366,366,0,0,<user> <user> just keep kissing his white ass,1178750430219780098_twitter
367,367,0,1,we all know its mysterious why are those yid q not expose the names who doing it they should know the all are not the delivering news is not he or she anonymous or its anonymous from us so we do not know that q is shlomo,25744519_gab
368,368,0,1,jews are fucking liars architects of diversity and division,27438758_gab
369,369,0,0,taehyung just joined university works part time in a coffee shop with yoongi gay,1185638980257275910_twitter
370,370,0,0,<user> truth hurt them chinazi and lies more lies until it become truth to their lies,1237305222256459776_twitter
371,371,1,1,why would he attack a white music festival the suspect is some gook bitch,12860828_gab
372,372,1,1,send those fucking retarded third workd freeloaders back to their own shitholes they made their beds now they can lie in them,24867691_gab
373,373,0,0,<user> you mean illegal immigrants,1167756665845948416_twitter
374,374,1,1,fagrepublic ireland south african nigger ordered to be deported and awarded <money> scholarship,21342377_gab
375,375,0,0,lesson in power and control verbal domestic violence this morning joe demonstrated classic behaviors of enabling family members or co workers navarro continued to dismiss everyone but joe that should explain all viewers need to know <user> way to keep after it,1178646479227015168_twitter
376,376,0,0,<user> aw bumpkin the crimes the prosecutor was investigating happened to years previous now go watch some children get raped since that your thing,1178518138255794177_twitter
377,377,0,0,<user> wait us muslims too bad move,1087429096257273857_twitter
378,378,0,0,uses a picture from the aftermath of a moslem terrorist attack d oh,17255262_gab
379,379,0,1,<user> people like you are supposed to be in the streets protesting and fighting for your rights coward wignats dindu nuffin ever except cry,1178321642650587137_twitter
380,380,0,0,<user> but also get ready for my dyke fits sweethart ü•∞,1181418944239943680_twitter
381,381,1,1,i got chapped lips today <number> the 1 st time an when i told my gramma she said be glad ur not a nigger when they get it they wind up in the emergency room and i was like yea thats like reason <number> <number> why im glad üòπ üòπ üòπ,2958188_gab
382,382,0,0,<user> <user> <user> <user> till implementation lot of hindu sikh sindhi killed and raped why our indian secular gang mum,1179097064573005824_twitter
383,383,1,1,yeah they should have used kfc bombs to disperse all the nigger chimpouts recently brah <user> <user> <user> <user> <user> <user> <user> <user> <user> <user> <user> pepe makes a run on baltimore in his ju <number> n nigger buster,1179089592819032069_twitter
384,384,1,0,gun bans are a precursor to muzrat invasions and other gov t overthrows,21929907_gab
385,385,0,0,ok bigots time to spell kwanzaa with that retarded extra a no less an authority than readers digest describes how it came to be they know what time it is holy fsck did i just quote rd how ohhld am i geez,16948071_gab
386,386,0,0,<user> basically made a towelhead joke about punjabi ppl üòê,1177986186989715457_twitter
387,387,0,0,re the <number> people who recently followed me have you no taste or standards i will try to return the follow asap i am just making sure you are not a window licking nazi larping annoying drama queen i can only handleso much of that so far so good theyfollowmewtf,2756921_gab
388,388,1,0,so a harmed reputation is meaningless as he mostly immune to that um ya well if all that is true then why did <user> run off to gab legal like a raped bitch mudshark on her prom night,11756798_gab
389,389,0,0,<user> that jihadist bitch has got to go now,1109880794552643589_twitter
390,390,1,1,you are either fucking retarded or a kike which is it the is the most dishonest or dumbest comment ever communist are the opposite of christians,16147501_gab
391,391,0,0,<user> single religion in the floor of allah is islam search,1109079665694699521_twitter
392,392,0,1,so holocaust denial is now a crime in germany and the jews at aipac are now pushing for american laws that make it illegal to boycott israel then i say it is open season on jews once again fuck their shapeshifting perfidious seditious tribal destructive ways jewishfilth,13489643_gab
393,393,0,0,bri and weed go together like white girls and wine,1181305710585503751_twitter
394,394,1,1,you will not see one nigger all day until you walk into the local kfc so much for chicken strips,17511834_gab
395,395,0,0,<user> he ‚Äô a retard,1196896123119702021_twitter
396,396,0,0,i ain t no white supremacists nor neo nazi but if i was i would have a vast collection of ties dedicated to my cause,1115960471742554112_twitter
397,397,1,1,these country mfs never start on time land of the free home of the niggers,1178658944136429571_twitter
398,398,0,1,most bulldykes were just born ugly and have been rejected by men all their lives attractive or feminine lesbos were mostly raped or abused by men an ugly woman is a safe substitute for them,24473478_gab
399,399,1,1,fuck splc and every filthy kike on planet earth,22968073_gab
